title,authors,abstract,categories,submission_date
"Real Deep Research forAI, Robotics and Beyond",Xueyan Zou; Jianglong Ye; Hao Zhang; Xiaoyu Xiang; Mingyu Ding; Zhaojing Yang; Yong Jae Lee; Zhuowen Tu; Sifei Liu; Xiaolong Wang,"With the rapid growth of research in AI and robotics now producing over 10,000 papers annually it has become increasingly difficult for researchers to stay up to date. Fast evolving trends, the rise of interdisciplinary work, and the need to explore domains beyond one's expertise all contribute to this challenge. To address these issues, we propose a gen… ▽ More",Artificial Intelligence (cs.AI) ; Computation and Language (cs.CL); Computer Vision and Pattern Recognition (cs.CV); Machine Learning (cs.LG),23 Oct 2025
AI-Enabled Digital Twins for Next-Generation Networks: Forecasting Traffic and Resource Management in 5G/6G,John Sengendo; Fabrizio Granelli,"…However, for Digital Twin Networks (DTNs) to meet the challenges faced by operators especially in line with resource management, a driving engine is needed. In this paper, an AI (Artificial Intelligence)-driven approach is presented by integrating a Long Short-Term Memory (LSTM) neural network into the DT framework, aimed at forecasting network traffic patt… ▽ More",Networking and Internet Architecture (cs.NI),23 Oct 2025
Out-of-distribution Tests Reveal Compositionality in Chess Transformers,Anna Mészáros; Patrik Reizinger; Ferenc Huszár,"…Chess) - a variant of chess where starting positions of pieces are randomized. We found that while the model exhibits basic strategy adaptation, they are inferior to symbolic AI algorithms that perform explicit search, but gap is smaller when playing against users on Lichess. Moreover, the training dynamics revealed that the model initially learns to move on… ▽ More",Machine Learning (cs.LG),23 Oct 2025
A Use-Case Specific Dataset for Measuring Dimensions of Responsible Performance in LLM-generated Text,Alicia Sagae; Chia-Jung Lee; Sandeep Avula; Brandon Dang; Vanessa Murdock,"Current methods for evaluating large language models (LLMs) typically focus on high-level tasks such as text generation, without targeting a particular AI application. This approach is not sufficient for evaluating LLMs for Responsible AI dimensions like fairness, since protected attributes that are highly relevant in… ▽ More",Computation and Language (cs.CL) ; Artificial Intelligence (cs.AI),23 Oct 2025
Empathic Prompting: Non-Verbal Context Integration for Multimodal LLM Conversations,Lorenzo Stacchio; Andrea Ubaldi; Alessandro Galdelli; Maurizio Mauri; Emanuele Frontoni; Andrea Gaggioli,"We present Empathic Prompting, a novel framework for multimodal human- AI interaction that enriches Large Language Model (LLM) conversations with implicit non-verbal context. The system integrates a commercial facial expression recognition service to capture users' emotional cues and embeds them as contextual signals during prompting. Unlike traditional m… ▽ More",Human-Computer Interaction (cs.HC) ; Artificial Intelligence (cs.AI); Computation and Language (cs.CL),23 Oct 2025
"Trust, But Verify: An Empirical Evaluation ofAI-Generated Code for SDN Controllers",Felipe Avencourt Soares; Muriel F. Franco; Eder J. Scheid; Lisandro Z. Granville,"Generative Artificial Intelligence ( AI ) tools have been used to generate human-like content across multiple domains (e.g., sound, image, text, and programming). However, their reliability in terms of correctness and functionality in novel contexts such as programmable networks remains unclear. Hence, this paper presents an empirical evaluation of the source… ▽ More",Networking and Internet Architecture (cs.NI),23 Oct 2025
Fusing Narrative Semantics for Financial Volatility Forecasting,Yaxuan Kong; Yoontae Hwang; Marcus Kaiser; Chris Vryonides; Roel Oomen; Stefan Zohren,"We introduce M2VN: Multi-Modal Volatility Network, a novel deep learning-based framework for financial volatility forecasting that unifies time series features with unstructured news data. M2VN leverages the representational power of deep neural networks to address two key challenges in this domain: (i) aligning and fusing heterogeneous data modalities, numerical financial data and textual informa… ▽ More",Computational Finance (q-fin.CP) ; Artificial Intelligence (cs.AI),23 Oct 2025
The Reasoning Lingua Franca: A Double-Edged Sword for MultilingualAI,Alan Saji; Raj Dabre; Anoop Kunchukuttan; Ratish Puduppully,"Large Reasoning Models (LRMs) achieve strong performance on mathematical, scientific, and other question-answering tasks, but their multilingual reasoning abilities remain underexplored. When presented with non-English questions, LRMs often default to reasoning in English, raising concerns about interpretability and the handling of linguistic and cultural nuances. We systematically compare an LRM'… ▽ More",Computation and Language (cs.CL) ; Artificial Intelligence (cs.AI),23 Oct 2025
"Deep Learning in Dental Image Analysis: A Systematic Review of Datasets, Methodologies, and Emerging Challenges",Zhenhuan Zhou; Jingbo Zhu; Yuchen Zhang; Xiaohang Guan; Peng Wang; Tao Li,"…the subjectivity arising from differences in clinicians' expertise, manual interpretation often proves time-consuming and prone to inconsistency. Artificial intelligence ( AI )-based automated dental image analysis (DIA) offers a promising solution to these issues and has become an integral part of computer-aided dental diagnosis and treatment. Among vario… ▽ More",Computer Vision and Pattern Recognition (cs.CV) ; Artificial Intelligence (cs.AI),23 Oct 2025
Quantum Processing Unit (QPU) processing time Prediction with Machine Learning,Lucy Xing; Sanjay Vishwakarma; David Kremer; Francisco Martin-Fernandez; Ismael Faro; Juan Cruz-Benito,…within quantum computing frameworks. This research not only highlights the potential of ML in refining quantum job predictions but also sets a foundation for integrating AI -driven tools in advanced quantum computing operations. ▽ More,Quantum Physics (quant-ph) ; Artificial Intelligence (cs.AI),23 Oct 2025
Towards the Formalization of a TrustworthyAIfor Mining Interpretable Models explOiting Sophisticated Algorithms,Riccardo Guidotti; Martina Cinquini; Marta Marchiori Manerba; Mattia Setzu; Francesco Spinnato,"…can be embedded within interpretable pipelines. By evaluating ethical measures during model generation, this framework establishes the theoretical foundations for developing AI systems that are not only accurate and interpretable but also fair, privacy-preserving, and causally aware, i.e., trustworthy. ▽ More",Artificial Intelligence (cs.AI),23 Oct 2025
PSO-XAI: A PSO-Enhanced ExplainableAIFramework for Reliable Breast Cancer Detection,Mirza Raquib; Niloy Das; Farida Siddiqi Prity; Arafath Al Fahim; Saydul Akbar Murad; Mohammad Amzad Hossain; MD Jiabul Hoque; Mohammad Ali Moni,"…probabilistic algorithms, and instance-based algorithms. To ensure interpretability and clinical relevance, the study uses cross-validation in conjunction with explainable AI methods. Experimental evaluation showed that the proposed approach achieved a superior score of 99.1\% across all performance metrics, including accuracy and precision, while effective… ▽ More",Machine Learning (cs.LG) ; Artificial Intelligence (cs.AI),23 Oct 2025
BUSTED at AraGenEval Shared Task: A Comparative Study of Transformer-Based Models for ArabicAI-Generated Text Detection,Ali Zain; Sareem Farooqui; Muhammad Rafi,"This paper details our submission to the Ara- GenEval Shared Task on Arabic AI -generated text detection, where our team, BUSTED, se- cured 5th place. We investigated the effec- tiveness of three pre-trained transformer mod- els: AraELECTRA, CAMeLBERT, and XLM- RoBERTa. Our approach involved fine-tuning each model on the provided dataset for a binary classifi… ▽ More",Computation and Language (cs.CL) ; Artificial Intelligence (cs.AI),23 Oct 2025
Strategic Costs of Perceived Bias in Fair Selection,L. Elisa Celis; Lingxiao Huang; Milind Sohoni; Nisheeth K. Vishnoi,"…a game-theoretic model in which candidates from different socioeconomic groups differ in their perceived post-selection value--shaped by social context and, increasingly, by AI -powered tools offering personalized career or salary guidance. Each candidate strategically chooses effort, balancing its cost against expected reward; effort translates into observab… ▽ More",Computer Science and Game Theory (cs.GT) ; Computers and Society (cs.CY); Machine Learning (cs.LG); Theoretical Economics (econ.TH),23 Oct 2025
Can ChatGPT Code Communication Data Fairly?: Empirical Evidence from Multiple Collaborative Tasks,Jiangang Hao; Wenju Cui; Patrick Kyllonen; Emily Kerzabi,"…be directly instructed with coding rubrics to code the communication data and achieves accuracy comparable to human raters. However, whether the coding from ChatGPT or similar AI technology exhibits bias against different demographic groups, such as gender and race, remains unclear. To fill this gap, this paper investigates ChatGPT-based automated coding of… ▽ More",Computation and Language (cs.CL) ; Artificial Intelligence (cs.AI),23 Oct 2025
EmbodiedBrain: Expanding Performance Boundaries of Task Planning for Embodied Intelligence,Ding Zou; Feifan Wang; Mengyu Ge; Siyuan Fan; Zongbing Zhang; Wei Chen; Lingfeng Wang; Zhongyou Hu; Wenrui Yan; Zhengwei Gao; Hao Wang; Weizhao Jin; Yu Zhang; Hainan Zhao; Mingliang Zhang; Xianxian Xi; Yaru Zhang; Wenyuan Li; Zhengguang Gao; Yurui Zhu,"The realization of Artificial General Intelligence (AGI) necessitates Embodied AI agents capable of robust spatial perception, effective task planning, and adaptive execution in physical environments. However, current large language models (LLMs) and multimodal LLMs (MLLMs) for embodied tasks suffer from key limitations, including a significant gap between m… ▽ More",Computer Vision and Pattern Recognition (cs.CV) ; Robotics (cs.RO),23 Oct 2025
"Stacked Intelligent Metasurfaces for 6G Wireless Networks: Principles, Applications, and Research Directions",Enyu Shi; Jiayi Zhang; Zhilong Liu; Ziheng Liu; Arumugam Nallanathan; Merouane Debbah; Shi Jin; Bo Ai,"The sixth-generation (6G) wireless networks are expected to deliver ubiquitous connectivity, resilient coverage, and intelligence-driven services in highly dynamic environments. To achieve these goals, distributed wireless architectures such as cell-free massive multiple-input multiple-output (MIMO) have attracted significant attention due to their scalability and fairness. Recently, stacked intel… ▽ More",Information Theory (cs.IT),23 Oct 2025
Lost in Translation: Policymakers are not really listening to Citizen Concerns aboutAI,Susan Ariel Aaronson; Michael Moreno,"The worlds people have strong opinions about artificial intelligence ( AI ), and they want policymakers to listen. Governments are inviting public comment on… ▽ More",Artificial Intelligence (cs.AI),23 Oct 2025
AdaDoS: Adaptive DoS Attack via Deep Adversarial Reinforcement Learning in SDN,Wei Shao; Yuhao Wang; Rongguang He; Muhammad Ejaz Ahmed; Seyit Camtepe,"…mitigating rule-based Denial-of-Service (DoS) attacks, leveraging predefined signatures and static heuristics to identify and block malicious traffic. However, the emergence of AI -driven techniques presents new challenges to SDN security, potentially compromising the efficacy of existing defence mechanisms. In this paper, we introduce~AdaDoS, an adaptive att… ▽ More",Cryptography and Security (cs.CR) ; Artificial Intelligence (cs.AI),23 Oct 2025
Adversary-Aware Private Inference over Wireless Channels,Mohamed Seif; Malcolm Egan; Andrea J. Goldsmith; H. Vincent Poor,AI -based sensing at wireless edge devices has the potential to significantly enhance Artificial Intelligence (… ▽ More,Information Theory (cs.IT) ; Cryptography and Security (cs.CR); Machine Learning (cs.LG),23 Oct 2025
Robust Preference Alignment via Directional Neighborhood Consensus,Ruochen Mao; Yuling Shi; Xiaodong Gu; Jiaheng Wei,"Aligning large language models with human preferences is critical for creating reliable and controllable AI systems. A human preference can be visualized as a high-dimensional vector where different directions represent trade-offs between desired attributes (e.g., helpfulness vs. verbosity). Yet, because the training data often reflects dominant, average pre… ▽ More",Computation and Language (cs.CL),23 Oct 2025
Steering Evaluation-Aware Language Models To Act Like They Are Deployed,Tim Tian Hua; Andrew Qin; Samuel Marks; Neel Nanda,"…it is deployed even when the cue is present. Importantly, we constructed our steering vector using the original model before our additional training. Our results suggest that AI evaluators could improve the reliability of safety evaluations by steering models to act like they are deployed. ▽ More",Computation and Language (cs.CL) ; Artificial Intelligence (cs.AI),23 Oct 2025
Transferable Black-Box One-Shot Forging of Watermarks via Image Preference Models,Tomáš Souček; Sylvestre-Alvise Rebuffi; Pierre Fernandez; Nikola Jovanović; Hady Elsahar; Valeriu Lacatusu; Tuan Tran; Alexandre Mourachko,"…a surge in interest in digital content watermarking techniques, driven by the proliferation of generative models and increased legal pressure. With an ever-growing percentage of AI -generated content available online, watermarking plays an increasingly important role in ensuring content authenticity and attribution at scale. There have been many works assessi… ▽ More",Machine Learning (cs.LG) ; Artificial Intelligence (cs.AI); Cryptography and Security (cs.CR); Computer Vision and Pattern Recognition (cs.CV),23 Oct 2025
Relative-Based Scaling Law for Neural Language Models,Baoqing Yue; Jinyuan Zhou; Zixi Wei; Jingtao Zhan; Qingyao Ai; Yiqun Liu,"Scaling laws aim to accurately predict model performance across different scales. Existing scaling-law studies almost exclusively rely on cross-entropy as the evaluation metric. However, cross-entropy provides only a partial view of performance: it measures the absolute probability assigned to the correct token, but ignores the relative ordering between correct and incorrect tokens. Yet, relative… ▽ More",Machine Learning (cs.LG) ; Artificial Intelligence (cs.AI); Computation and Language (cs.CL),23 Oct 2025
A Transformer InspiredAI-based MIMO receiver,András Rácz; Tamás Borsos; András Veres; Benedek Csala,"We present AttDet, a Transformer-inspired MIMO (Multiple Input Multiple Output) detection method that treats each transmit layer as a token and learns inter-stream interference via a lightweight self-attention mechanism. Queries and keys are derived directly from the estimated channel matrix, so attention scores quantify channel correlation. Values are initialized by matched-filter outputs and ite… ▽ More",Signal Processing (eess.SP) ; Machine Learning (cs.LG),23 Oct 2025
What doAI-Generated Images Want?,Amanda Wasielewski,"…humans who create them to the possibility that the picture itself is an entity with agency and wants. In this article, I reframe Mitchell's question in light of contemporary AI image generation tools to ask: what do… ▽ More",Computers and Society (cs.CY) ; Artificial Intelligence (cs.AI),23 Oct 2025
Collateral Damage Assessment Model forAISystem Target Engagement in Military Operations,Clara Maathuis; Kasper Cools,"In an era where AI (Artificial Intelligence) systems play an increasing role in the battlefield, ensuring responsible targeting demands rigorous assessment of potential collateral effects. In this context, a novel collateral damage assessment model for target engagement of… ▽ More",Artificial Intelligence (cs.AI),23 Oct 2025
Bias by Design? How Data Practices Shape Fairness inAIHealthcare Systems,Anna Arias-Duart; Maria Eugenia Cardello; Atia Cortés,"Artificial intelligence ( AI ) holds great promise for transforming healthcare. However, despite significant advances, the integration of… ▽ More",Artificial Intelligence (cs.AI),23 Oct 2025
Precision Measurement of $D_{s}^{*+} - D_{s}^{+}$ Mass Difference with $D_{s}^{*+} \to D_{s}^{+}(\to K^{+} K^{-} π^{+})π^{0}$,BESIII Collaboration; M. Ablikim; M. N. Achasov; P. Adlarson; X. C. Ai; R. Aliberti; A. Amoroso; Q. An; Y. Bai; O. Bakina; Y. Ban; H. -R. Bao; V. Batozskaya; K. Begzsuren; N. Berger; M. Berlowski; M. B. Bertani; D. Bettoni; F. Bianchi; E. Bianco; A. Bortone; I. Boyko; R. A. Briere; A. Brueggemann; H. Cai,"We measure the mass difference between $D_{s}^{*+}$ and $D_{s}^{+}$, $Δm_s$, using the decay chain $D_{s}^{*+} \to D_{s}^{+}(\to K^{+} K^{-} π^{+})π^{0}$, utilizing $e^+e^-$ annihilation data corresponding to an integrated luminosity of 3.19 fb$^{-1}$ collected at a center-of-mass energy of 4.178 GeV with the BESIII detector. The measured value of… ▽ More",High Energy Physics - Experiment (hep-ex),23 Oct 2025
Breakdance Video classification in the age of GenerativeAI,Sauptik Dhar; Naveen Ramakrishnan; Michelle Munson,"Large Vision Language models have seen huge application in several sports use-cases recently. Most of these works have been targeted towards a limited subset of popular sports like soccer, cricket, basketball etc; focusing on generative tasks like visual question answering, highlight generation. This work analyzes the applicability of the modern video foundation models (both encoder and decoder) f… ▽ More",Computer Vision and Pattern Recognition (cs.CV) ; Artificial Intelligence (cs.AI); Machine Learning (cs.LG),23 Oct 2025
Knowledge-Informed Neural Network for Complex-Valued SAR Image Recognition,Haodong Yang; Zhongling Huang; Shaojie Guo; Zhe Zhang; Gong Cheng; Junwei Han,"…and out-of-distribution scenarios and tangible interpretability, thereby providing an effective solution to the representation trilemma and offering a new path for trustworthy AI in SAR image analysis. ▽ More",Computer Vision and Pattern Recognition (cs.CV),23 Oct 2025
ResearchGPT: Benchmarking and Training LLMs for End-to-End Computer Science Research Workflows,Penghao Wang; Yuhao Zhou; Mengxuan Wu; Ziheng Qin; Bangyuan Zhu; Shengbin Huang; Xuanlei Zhao; Panpan Zhang; Xiaojiang Peng; Yuzhang Shang; Jianfei Yang; Zheng Zhu; Tianlong Chen; Zhangyang Wang; Kai Wang,"As large language models (LLMs) advance, the ultimate vision for their role in science is emerging: we could build an AI collaborator to effectively assist human beings throughout the entire scientific research process. We refer to this envisioned system as ResearchGPT. Given that scientific research progresses through multiple interdependent phases, achievi… ▽ More",Machine Learning (cs.LG),23 Oct 2025
From Generation to Attribution: MusicAIAgent Architectures for the Post-Streaming Era,Wonil Kim; Hyeongseok Wi; Seungsoon Park; Taejun Kim; Sangeun Keum; Keunhyoung Kim; Taewan Kim; Jongmin Jung; Taehyoung Kim; Gaetan Guerrero; Mael Le Goff; Julie Po; Dongjoo Moon; Juhan Nam; Jongpil Lee,"Generative AI is reshaping music creation, but its rapid growth exposes structural gaps in attribution, rights management, and economic models. Unlike past media shifts, from live performance to recordings, downloads, and streaming,… ▽ More",Information Retrieval (cs.IR) ; Human-Computer Interaction (cs.HC); Multiagent Systems (cs.MA); Sound (cs.SD),23 Oct 2025
TowardsAIAgents for Course Instruction in Higher Education: Early Experiences from the Field,Yogesh Simmhan; Varad Kulkarni,"This article presents early findings from designing, deploying and evaluating an AI -based educational agent deployed as the primary instructor in a graduate-level Cloud Computing course at IISc. We detail the design of a Large Language Model (LLM)-driven Instructor Agent, and introduce a pedagogical framework that integrates the Instructor Agent into the cou… ▽ More",Computers and Society (cs.CY) ; Artificial Intelligence (cs.AI); Human-Computer Interaction (cs.HC),23 Oct 2025
Individualized Cognitive Simulation in Large Language Models: Evaluating Different Cognitive Representation Methods,Tianyi Zhang; Xiaolin Zhou; Yunzhe Wang; Erik Cambria; David Traum; Rui Mao,"…effective at mimicking linguistic style than narrative structure, underscoring their limits in deeper cognitive simulation. These findings provide a foundation for developing AI systems that adapt to individual ways of thinking and expression, advancing more personalized and human-aligned creative technologies. ▽ More",Artificial Intelligence (cs.AI),23 Oct 2025
Beyond Text: Multimodal Jailbreaking of Vision-Language and Audio Models through Perceptually Simple Transformations,Divyanshu Kumar; Shreyas Jena; Nitin Aravind Birur; Tanay Baswa; Sahil Agarwal; Prashanth Harshangi,"…current safeguards fail to generalize across cross-modal attacks. The accessibility of these attacks, which require minimal technical expertise, suggests that robust multimodal AI safety will require a paradigm shift toward broader semantic-level reasoning to mitigate possible risks. ▽ More",Cryptography and Security (cs.CR) ; Multimedia (cs.MM),23 Oct 2025
Automated Cloud Infrastructure-as-Code Reconciliation withAIAgents,Zhenning Yang; Hui Guan; Victor Nicolet; Brandon Paulsen; Joey Dodds; Daniel Kroening; Ang Chen,"Cloud infrastructure is managed through a mix of interfaces -- traditionally, cloud consoles, command-line interfaces (CLI), and SDKs are the tools of choice. Recently, Infrastructure-as-Code/IaC frameworks (e.g., Terraform) have quickly gained popularity. Unlike conventional tools, IaC~frameworks encode the infrastructure in a ""source-of-truth"" configuration. They are capable of automatically car… ▽ More",Software Engineering (cs.SE) ; Artificial Intelligence (cs.AI); Machine Learning (cs.LG),23 Oct 2025
Merge and Conquer: Evolutionarily OptimizingAIfor 2048,Maggie Bai; Ava Kim Cohen; Eleanor Koss; Charlie Lichtenbaum,"Optimizing artificial intelligence ( AI ) for dynamic environments remains a fundamental challenge in machine learning research. In this paper, we examine evolutionary training methods for optimizing… ▽ More",Artificial Intelligence (cs.AI),23 Oct 2025
Multimedia-Aware Question Answering: A Review of Retrieval and Cross-Modal Reasoning Architectures,Rahul Raja; Arpita Vats,"Question Answering (QA) systems have traditionally relied on structured text data, but the rapid growth of multimedia content (images, audio, video, and structured metadata) has introduced new challenges and opportunities for retrieval-augmented QA. In this survey, we review recent advancements in QA systems that integrate multimedia retrieval pipelines, focusing on architectures that align vision… ▽ More",Information Retrieval (cs.IR) ; Computation and Language (cs.CL); Computer Vision and Pattern Recognition (cs.CV); Machine Learning (cs.LG),23 Oct 2025
TRUST: A Decentralized Framework for Auditing Large Language Model Reasoning,Morris Yu-Chao Huang; Zhen Tan; Mohan Zhang; Pingzhi Li; Zhuo Zhang; Tianlong Chen,"…tasks (math, medical, science, humanities) show TRUST effectively detects reasoning flaws and remains robust against adversarial auditors. Our work pioneers decentralized AI auditing, offering a practical path toward safe and trustworthy LLM deployment. ▽ More",Artificial Intelligence (cs.AI),23 Oct 2025
BoundRL: Efficient Structured Text Segmentation through Reinforced Boundary Generation,Haoyuan Li; Zhengyuan Shen; Sullam Jeoung; Yueyan Chen; Jiayu Li; Qi Zhu; Shuai Wang; Vassilis Ioannidis; Huzefa Rangwala,"As structured texts become increasingly complex across diverse domains -- from technical reports to generative AI prompts -- the need for text segmentation into semantically meaningful components becomes critical. Such texts often contain elements beyond plain language, including tables, code snippets, and placeholders, which conventional sentence- or paragr… ▽ More",Computation and Language (cs.CL),23 Oct 2025
Deep Learning Based Joint Space-Time-Frequency Domain Channel Prediction for Cell-Free Massive MIMO Systems,Yongning Qi; Tao Zhou; Zuowei Xiang; Liu Liu; Bo Ai,"The cell-free massive multi-input multi-output (CF-mMIMO) is a promising technology for the six generation (6G) communication systems. Channel prediction will play an important role in obtaining the accurate CSI to improve the performance of CF-mMIMO systems. This paper studies a deep learning (DL) based joint space-time-frequency domain channel prediction for CF-mMIMO. Firstly, the prediction pro… ▽ More",Signal Processing (eess.SP),23 Oct 2025
SAID: Empowering Large Language Models with Self-Activating Internal Defense,Yulong Chen; Yadong Liu; Jiawen Zhang; Mu Li; Chao Huang; Jie Wen,…overhead. Our work establishes that activating the intrinsic safety mechanisms of LLMs is a more robust and scalable path toward building safer and more reliable aligned AI systems. ▽ More,Cryptography and Security (cs.CR) ; Artificial Intelligence (cs.AI),23 Oct 2025
"""Learning Together"":AI-Mediated Support for Parental Involvement in Everyday Learning",Yao Li; Jingyi Xie; Ya-Fang Ling; He Zhang; Ge Wang; Gaojian Huang; Rui Yu; Si Chen,"Family learning takes place in everyday routines where children and caregivers read, practice, and develop new skills together. Although AI is increasingly present in learning environments, most systems remain child-centered and overlook the collaborative, distributed nature of family education. This paper investigates how… ▽ More",Human-Computer Interaction (cs.HC),23 Oct 2025
The Verification-Value Paradox: A Normative Critique of GenAIin Legal Practice,Joshua Yuvaraj,It is often claimed that machine learning-based generative AI products will drastically streamline and reduce the cost of legal practice. This enthusiasm assumes lawyers can effectively manage… ▽ More,Artificial Intelligence (cs.AI),23 Oct 2025
AIPB: A Grounded Generative Agent for Personalized Investment Insights,Daewoo Park; Suho Park; Inseok Hong; Hanwool Lee; Junkyu Park; Sangjun Lee; Jeongman An; Hyunbin Loh,"We present AI PB, a production-scale generative agent deployed in real retail finance. Unlike reactive chatbots that answer queries passively,… ▽ More","Artificial Intelligence (cs.AI) ; Computational Engineering, Finance, and Science (cs.CE); Computation and Language (cs.CL)",23 Oct 2025
LLMs can hide text in other text of the same length.ipynb,Antonio Norelli; Michael Bronstein,…scenario: a company could covertly deploy an unfiltered LLM by encoding its answers within the compliant responses of a safe model. This possibility raises urgent questions for AI safety and challenges our understanding of what it means for a Large Language Model to know something. ▽ More,Artificial Intelligence (cs.AI) ; Computation and Language (cs.CL); Cryptography and Security (cs.CR); Machine Learning (cs.LG),22 Oct 2025
Ask What Your Country Can Do For You: Towards a Public Red Teaming Model,Wm. Matthew Kennedy; Cigdem Patlak; Jayraj Dave; Blake Chambers; Aayush Dhanotiya; Darshini Ramiah; Reva Schwartz; Jack Hagen; Akash Kundu; Mouni Pendharkar; Liam Baisley; Theodora Skeadas; Rumman Chowdhury,"AI systems have the potential to produce both benefits and harms, but without rigorous and ongoing adversarial evaluation,… ▽ More",Computers and Society (cs.CY) ; Artificial Intelligence (cs.AI); Cryptography and Security (cs.CR),22 Oct 2025
Enhancing Reasoning Skills in Small Persian Medical Language Models Can Outperform Large-Scale Data Training,Mehrdad Ghassabi; Sadra Hakim; Hamidreza Baradaran Kashani; Pedram Rostami,"…for specialized applications such as medical question answering, particularly in underrepresented languages like Persian. In this study, we employ Reinforcement Learning with AI Feedback (RLAIF) and Direct preference optimization (DPO) to improve the reasoning skills of a general-purpose Persian language model. To achieve this, we translated a multiple-choic… ▽ More",Computation and Language (cs.CL),22 Oct 2025
Machine Learning-Based Localization Accuracy of RFID Sensor Networks via RSSI Decision Trees and CAD Modeling for Defense Applications,Curtis Lee Shull; Merrick Green,"Radio Frequency Identification (RFID) tracking may be a viable solution for defense assets that must be stored in accordance with security guidelines. However, poor sensor specificity (vulnerabilities include long range detection, spoofing, and counterfeiting) can lead to erroneous detection and operational security events. We present a supervised learning simulation with realistic Received Signal… ▽ More",Machine Learning (cs.LG) ; Cryptography and Security (cs.CR),22 Oct 2025
A Unified Detection Pipeline for Robust Object Detection in Fisheye-Based Traffic Surveillance,Neema Jakisa Owor; Joshua Kofi Asamoah; Tanner Wambui Muturi; Anneliese Jakisa Owor; Blessing Agyei Kyem; Andrews Danyo; Yaw Adu-Gyamfi; Armstrong Aboah,"…on the fisheye traffic imagery and combine their outputs through an ensemble strategy to improve overall detection accuracy. Our method achieves an F1 score of0.6366 on the 2025 AI City Challenge Track 4, placing 8thoverall out of 62 teams. These results demonstrate the effectiveness of our framework in addressing issues inherent to fisheye imagery. ▽ More",Computer Vision and Pattern Recognition (cs.CV),22 Oct 2025
Counterexample to majority optimality in NICD with erasures,Paata Ivanisvili; Xinyuan Xie,"…. We view this as a little spark of an AI contribution in Theoretical Computer Science: while modern Large Language Models (LLMs) often assist with literature and numerics, here a concrete finite counterexample emerged. ▽ More",Probability (math.PR) ; Computational Complexity (cs.CC); Information Theory (cs.IT); Combinatorics (math.CO),22 Oct 2025
AIPose Analysis and Kinematic Profiling of Range-of-Motion Variations in Resistance Training,Adam Diamant,"This study develops an AI -based pose estimation pipeline to enable precise quantification of movement kinematics in resistance training. Using video data from Wolf et al. (2025), which compared lengthened partial (pROM) and full range-of-motion (fROM) training across eight upper-body exercises in 26 participants, 280 recordings were processed to extract fram… ▽ More",Applications (stat.AP) ; Computer Vision and Pattern Recognition (cs.CV),22 Oct 2025
Improving Predictive Confidence in Medical Imaging via Online Label Smoothing,Kushan Choudhury; Shubhrodeep Roy; Ankur Chanda; Shubhajit Biswas; Somenath Kuiry,"…These findings suggest that OLS not only strengthens predictive performance but also enhances calibration, making it a practical and effective solution for developing trustworthy AI systems in the medical imaging domain. ▽ More",Computer Vision and Pattern Recognition (cs.CV) ; Machine Learning (cs.LG),22 Oct 2025
A Framework for the Adoption and Integration of GenerativeAIin Midsize Organizations and Enterprises (FAIGMOE),Abraham Itzhak Weinberg,"…for organizations, yet both midsize organizations and larger enterprises face distinctive adoption challenges. Midsize organizations encounter resource constraints and limited AI expertise, while enterprises struggle with organizational complexity and coordination challenges. Existing technology adoption frameworks, including TAM (Technology Acceptance Model… ▽ More",Software Engineering (cs.SE) ; Artificial Intelligence (cs.AI),22 Oct 2025
SecureInfer: Heterogeneous TEE-GPU Architecture for Privacy-Critical Tensors for Large Language Model Deployment,Tushar Nayan; Ziqi Zhang; Ruimin Sun,"…securing them against model extraction attacks has become a pressing concern. However, protecting model privacy without sacrificing the performance benefits of untrusted AI accelerators, such as GPUs, presents a challenging trade-off. In this paper, we initiate the study of high-performance execution on LLMs and present SecureInfer, a hybrid framework that… ▽ More",Cryptography and Security (cs.CR) ; Machine Learning (cs.LG); Software Engineering (cs.SE),22 Oct 2025
A Tutorial on Cognitive Biases in AgenticAI-Driven 6G Autonomous Networks,Hatim Chergui; Farhad Rezazadeh; Merouane Debbah; Christos Verikoukis,"…fairness, adaptability, and resilience. True autonomy requires perceiving and reasoning over the network environment as it is. Such progress can be achieved through \emph{agentic AI }, where large language model (LLM)-powered agents perceive multimodal telemetry, reason with memory, negotiate across domains, and act via APIs to achieve multi-objective goals.… ▽ More",Networking and Internet Architecture (cs.NI) ; Artificial Intelligence (cs.AI),22 Oct 2025
AI-Driven Personalized Learning: Predicting Academic Per-formance Through Leadership Personality Traits,Nitsa J Herzog; Rejwan Bin Sulaiman; David J Herzog; Rose Fong,"The study explores the potential of AI technologies in personalized learning, suggesting the prediction of academic success through leadership personality traits and machine learning modelling. The primary data were obtained from 129 master's students in the Environmental Engineering Department, who underwent five leadership personality tests with 23 cha… ▽ More",Artificial Intelligence (cs.AI),22 Oct 2025
A new wave of vehicle insurance fraud fueled by generativeAI,Amir Hever; Itai Orr,"Generative AI is supercharging insurance fraud by making it easier to falsify accident evidence at scale and in rapid time. Insurance fraud is a pervasive and costly problem, amounting to tens of billions of dollars in losses each year. In the vehicle insurance sector, fraud schemes have traditionally involved staged accidents, exaggerated damage, or forged… ▽ More",Artificial Intelligence (cs.AI),22 Oct 2025
Synthetic social data: trials and tribulations,Guido Ivetta; Laura Moradbakhti; Rafael A. Calvo,"…surveys, even a small, skewed sample of real respondents may provide more reliable insights than synthetic data produced by LLMs. These results highlight the limitations of using AI -generated text for social research and emphasize the continued importance of empirical human data collection. ▽ More",Computers and Society (cs.CY),22 Oct 2025
